State,NumSamples,Sensitivity,Specificity
being_still,9,0.6666666666666666,0.8888888888888888
jumping,9,0.3333333333333333,1.0
standing,5,0.6,0.8636363636363636
walking,4,1.0,0.7391304347826086
